Workbook

Sheet Summary
A1: SauceDemo — Playwright Test Case Summary
A2: Website: https://www.saucedemo.com | Prepared for: Playwright Automation Training | Target date: 16 June
A4: # | B4: Module | C4: Tab | D4: Total TC | E4: Basic | F4: Intermediate | G4: Advanced | H4: Pass | I4: Fail | J4: Not Test | K4: % Done
A5: 1 | B5: Module 1 — Authentication (Login / Logout) | C5: Authentication | D5: 10 | E5: 8 | F5: 2 | G5: 0 | H5: =COUNTIF(Authentication!F:F,"Pass") | I5: =COUNTIF(Authentication!F:F,"Fail") | J5: =COUNTIF(Authentication!F:F,"Not Test") | K5: =IF(D5=0,0,H5/D5*100)
A6: 2 | B6: Module 2 — Product Listing (Inventory Page) | C6: Product Listing | D6: 8 | E6: 8 | F6: 0 | G6: 0 | H6: =COUNTIF('Product Listing'!F:F,"Pass") | I6: =COUNTIF('Product Listing'!F:F,"Fail") | J6: =COUNTIF('Product Listing'!F:F,"Not Test") | K6: =IF(D6=0,0,H6/D6*100)
A7: 3 | B7: Module 3 — Product Detail Page | C7: Product Detail | D7: 4 | E7: 4 | F7: 0 | G7: 0 | H7: =COUNTIF('Product Detail'!F:F,"Pass") | I7: =COUNTIF('Product Detail'!F:F,"Fail") | J7: =COUNTIF('Product Detail'!F:F,"Not Test") | K7: =IF(D7=0,0,H7/D7*100)
A8: 4 | B8: Module 4 — Shopping Cart | C8: Shopping Cart | D8: 9 | E8: 7 | F8: 2 | G8: 0 | H8: =COUNTIF('Shopping Cart'!F:F,"Pass") | I8: =COUNTIF('Shopping Cart'!F:F,"Fail") | J8: =COUNTIF('Shopping Cart'!F:F,"Not Test") | K8: =IF(D8=0,0,H8/D8*100)
A9: 5 | B9: Module 5 — Checkout Flow | C9: Checkout | D9: 11 | E9: 7 | F9: 4 | G9: 0 | H9: =COUNTIF(Checkout!F:F,"Pass") | I9: =COUNTIF(Checkout!F:F,"Fail") | J9: =COUNTIF(Checkout!F:F,"Not Test") | K9: =IF(D9=0,0,H9/D9*100)
A10: 6 | B10: Module 6 — Navigation & Header | C10: Navigation | D10: 5 | E10: 3 | F10: 2 | G10: 0 | H10: =COUNTIF(Navigation!F:F,"Pass") | I10: =COUNTIF(Navigation!F:F,"Fail") | J10: =COUNTIF(Navigation!F:F,"Not Test") | K10: =IF(D10=0,0,H10/D10*100)
A11: 7 | B11: Module 7 — End-to-End Scenarios | C11: E2E Scenarios | D11: 3 | E11: 0 | F11: 3 | G11: 0 | H11: =COUNTIF('E2E Scenarios'!F:F,"Pass") | I11: =COUNTIF('E2E Scenarios'!F:F,"Fail") | J11: =COUNTIF('E2E Scenarios'!F:F,"Not Test") | K11: =IF(D11=0,0,H11/D11*100)
A12: 8 | B12: Module 8 — Visual & Performance (Advanced) | C12: Advanced | D12: 4 | E12: 0 | F12: 0 | G12: 4 | H12: =COUNTIF(Advanced!F:F,"Pass") | I12: =COUNTIF(Advanced!F:F,"Fail") | J12: =COUNTIF(Advanced!F:F,"Not Test") | K12: =IF(D12=0,0,H12/D12*100)
B13: TOTAL | D13: =SUM(D5:D12) | E13: =SUM(E5:E12) | F13: =SUM(F5:F12) | G13: =SUM(G5:G12) | H13: =SUM(H5:H12) | I13: =SUM(I5:I12) | J13: =SUM(J5:J12) | K13: =IF(D13=0,0,H13/D13*100)
A15: LEGEND
A16: Basic | B16: ทักษะพื้นฐาน Playwright
A17: Intermediate | B17: ต้องการ logic เพิ่ม
A18: Advanced | B18: Visual/Performance/Security
A19: Pass | B19: ผ่านการทดสอบ
A20: Fail | B20: พบ bug

Sheet Authentication
A1: Module 1 — Authentication (Login / Logout)
A2: 📋 Total Test Cases: 10 | Website: https://www.saucedemo.com
A3: TC ID | B3: Category | C3: Test Case Description | D3: Test Steps | E3: Expected Result | F3: Status | G3: Level | H3: Notes
A4: TC-01 | B4: Login | C4: Login สำเร็จด้วย standard_user | D4: username: standard_user | password: secret_sauce | E4: ไปหน้า Inventory (/inventory.html) | F4: Pass | G4: Basic
A5: TC-02 | B5: Login | C5: Login สำเร็จด้วย user ทุกประเภท (problem / performance_glitch / error / visual) | D5: ใช้ user แต่ละคนทีละคน | password: secret_sauce | E5: Login สำเร็จทุก user | F5: Pass | G5: Basic
A6: TC-03 | B6: Login | C6: Login ด้วย username ถูก แต่ password ผิด | D6: username: standard_user | password: wrong123 | E6: แสดง error 'Username and password do not match' | F6: Pass | G6: Basic
A7: TC-04 | B7: Login | C7: Login ด้วย username ผิด | D7: username: wrong_user | password: secret_sauce | E7: แสดง error message | F7: Pass | G7: Basic
A8: TC-05 | B8: Login | C8: Login ทิ้ง username และ password ว่างทั้งคู่ | D8: กด Login โดยไม่กรอกข้อมูล | E8: แสดง error 'Username is required' | F8: Pass | G8: Basic
A9: TC-06 | B9: Login | C9: Login ด้วย locked_out_user | D9: username: locked_out_user | password: secret_sauce | E9: แสดง error 'Sorry, this user has been locked out' | F9: Pass | G9: Basic
A10: TC-07 | B10: UI | C10: กด X ปิด error message | D10: หลัง error ปรากฏ กด icon X | E10: Error message หายไป | F10: Pass | G10: Basic
A11: TC-08 | B11: Logout | C11: Logout แล้ว redirect กลับหน้า login | D11: Login แล้วกด Burger menu → Logout | E11: Redirect ไปหน้า login | F11: Pass | G11: Basic
A12: TC-09 | B12: Security | C12: หลัง logout กด Back browser ไม่ควรกลับเข้าระบบได้ | D12: Logout แล้วกด Back browser | E12: Redirect กลับหน้า Login (session หมด) | F12: Not Test | G12: Intermediate
A13: TC-10 | B13: Security | C13: เข้า URL /inventory.html ตรงๆ โดยไม่ login | D13: เปิด URL โดยไม่มี session | E13: Redirect ไปหน้า Login | F13: Not Test | G13: Intermediate

Sheet Product Listing
A1: Module 2 — Product Listing (Inventory Page)
A2: 📋 Total Test Cases: 8 | Website: https://www.saucedemo.com
A3: TC ID | B3: Category | C3: Test Case Description | D3: Test Steps | E3: Expected Result | F3: Status | G3: Level | H3: Notes
A4: TC-11 | B4: Display | C4: หลัง login เห็นสินค้าครบ 6 รายการ | D4: Login ด้วย standard_user | E4: นับสินค้าได้ 6 items | F4: Not Test | G4: Basic
A5: TC-12 | B5: Display | C5: สินค้าแต่ละชิ้นมี ชื่อ รูป ราคา และปุ่ม Add to Cart ครบ | D5: ตรวจสอบแต่ละ card | E5: ทุก card มี element ครบ | F5: Not Test | G5: Basic
A6: TC-13 | B6: Sort | C6: Sort 'Name (A to Z)' | D6: เลือก dropdown → Name (A to Z) | E6: สินค้าเรียง A→Z | F6: Not Test | G6: Basic
A7: TC-14 | B7: Sort | C7: Sort 'Name (Z to A)' | D7: เลือก dropdown → Name (Z to A) | E7: สินค้าเรียง Z→A | F7: Not Test | G7: Basic
A8: TC-15 | B8: Sort | C8: Sort 'Price (low to high)' | D8: เลือก dropdown → Price (low to high) | E8: ราคาเรียงน้อยไปมาก | F8: Not Test | G8: Basic
A9: TC-16 | B9: Sort | C9: Sort 'Price (high to low)' | D9: เลือก dropdown → Price (high to low) | E9: ราคาเรียงมากไปน้อย | F9: Not Test | G9: Basic
A10: TC-17 | B10: Navigation | C10: คลิกชื่อสินค้า → ไปหน้า Detail | D10: คลิก text ชื่อสินค้าชิ้นแรก | E10: ไปหน้า Product Detail ที่ถูกต้อง | F10: Not Test | G10: Basic
A11: TC-18 | B11: Navigation | C11: คลิกรูปสินค้า → ไปหน้า Detail | D11: คลิกรูปภาพสินค้า | E11: ไปหน้า Product Detail ที่ถูกต้อง | F11: Not Test | G11: Basic

Sheet Product Detail
A1: Module 3 — Product Detail Page
A2: 📋 Total Test Cases: 4 | Website: https://www.saucedemo.com
A3: TC ID | B3: Category | C3: Test Case Description | D3: Test Steps | E3: Expected Result | F3: Status | G3: Level | H3: Notes
A4: TC-19 | B4: Data | C4: ข้อมูลสินค้าในหน้า Detail ตรงกับหน้า Listing | D4: คลิกสินค้า แล้วเปรียบชื่อ/ราคา/รูป | E4: ชื่อ ราคา และรูปตรงกัน | F4: Not Test | G4: Basic
A5: TC-20 | B5: UI | C5: มีปุ่ม Add to Cart ในหน้า Detail | D5: เปิดหน้า Product Detail | E5: ปุ่ม Add to Cart ปรากฏ | F5: Not Test | G5: Basic
A6: TC-21 | B6: Navigation | C6: กด Back to products → กลับหน้า Listing | D6: กดปุ่ม Back to products | E6: กลับหน้า Inventory | F6: Not Test | G6: Basic
A7: TC-22 | B7: Cart | C7: Add to Cart จากหน้า Detail → badge อัปเดต | D7: กด Add to Cart ในหน้า Detail | E7: Badge บน cart icon แสดง 1 | F7: Not Test | G7: Basic

Sheet Shopping Cart
A1: Module 4 — Shopping Cart
A2: 📋 Total Test Cases: 9 | Website: https://www.saucedemo.com
A3: TC ID | B3: Category | C3: Test Case Description | D3: Test Steps | E3: Expected Result | F3: Status | G3: Level | H3: Notes
A4: TC-23 | B4: Badge | C4: Add สินค้า 1 ชิ้น → badge แสดง '1' | D4: กด Add to Cart 1 ครั้ง | E4: Badge = 1 | F4: Not Test | G4: Basic
A5: TC-24 | B5: Badge | C5: Add หลายชิ้น → badge นับถูกต้อง | D5: กด Add to Cart 3 สินค้า | E5: Badge = 3 | F5: Not Test | G5: Basic
A6: TC-25 | B6: UI | C6: ปุ่มเปลี่ยนเป็น Remove หลัง Add | D6: กด Add to Cart | E6: ปุ่มกลายเป็น Remove | F6: Not Test | G6: Basic
A7: TC-26 | B7: Remove | C7: กด Remove → badge ลดลง และปุ่มกลับเป็น Add to Cart | D7: กด Remove | E7: Badge ลด 1 และปุ่ม = Add to Cart | F7: Not Test | G7: Basic
A8: TC-27 | B8: Cart Page | C8: เข้าหน้า Cart → เห็นสินค้าที่ Add ครบ | D8: Add 2 ชิ้น แล้วคลิก Cart icon | E8: เห็นสินค้า 2 รายการ | F8: Not Test | G8: Basic
A9: TC-28 | B9: Price | C9: ราคาในหน้า Cart ถูกต้อง | D9: Add สินค้าแล้วตรวจราคา | E9: ราคาตรงกับหน้า Listing | F9: Not Test | G9: Intermediate
A10: TC-29 | B10: Remove | C10: Remove สินค้าจากหน้า Cart → หายออกจากรายการ | D10: กด Remove ในหน้า Cart | E10: สินค้าหายและ badge ลด | F10: Not Test | G10: Basic
A11: TC-30 | B11: Edge Case | C11: Cart ว่าง → handle อย่างเหมาะสม | D11: ไม่ Add สินค้าเลย แล้วเข้าหน้า Cart | E11: ไม่มีสินค้าแสดง และ Checkout ไม่ crash | F11: Not Test | G11: Intermediate
A12: TC-31 | B12: Navigation | C12: กด Continue Shopping → กลับหน้า Listing | D12: กดปุ่ม Continue Shopping | E12: กลับหน้า Inventory | F12: Not Test | G12: Basic

Sheet Checkout
A1: Module 5 — Checkout Flow
A2: 📋 Total Test Cases: 11 | Website: https://www.saucedemo.com
A3: TC ID | B3: Category | C3: Test Case Description | D3: Test Steps | E3: Expected Result | F3: Status | G3: Level | H3: Notes
A4: TC-32 | B4: Form | C4: Checkout Step 1: กรอกข้อมูลครบ → กด Continue ผ่าน | D4: First: John | Last: Doe | Zip: 10330 | E4: ไปหน้า Step 2 | F4: Not Test | G4: Basic
A5: TC-33 | B5: Validation | C5: ทิ้ง First Name ว่าง → error | D5: กรอกแค่ Last Name และ Zip | E5: แสดง error 'First Name is required' | F5: Not Test | G5: Basic
A6: TC-34 | B6: Validation | C6: ทิ้ง Last Name ว่าง → error | D6: กรอกแค่ First Name และ Zip | E6: แสดง error 'Last Name is required' | F6: Not Test | G6: Basic
A7: TC-35 | B7: Validation | C7: ทิ้ง Zip ว่าง → error | D7: กรอกแค่ First Name และ Last Name | E7: แสดง error 'Postal Code is required' | F7: Not Test | G7: Basic
A8: TC-36 | B8: Summary | C8: Checkout Step 2: เห็นสรุปสินค้าและราคา | D8: ผ่าน Step 1 แล้วตรวจหน้า Step 2 | E8: เห็นรายการ สินค้า ราคา และ tax | F8: Not Test | G8: Basic
A9: TC-37 | B9: Calculation | C9: Item total = ผลรวมราคาสินค้าทั้งหมด | D9: Add 3 สินค้า แล้วตรวจ Item Total | E9: Item Total = sum ราคาทุกชิ้น | F9: Not Test | G9: Intermediate
A10: TC-38 | B10: Calculation | C10: Tax คำนวณถูกต้อง (8% ของ item total) | D10: ตรวจค่า Tax ในหน้า Step 2 | E10: Tax = Item Total × 0.08 | F10: Not Test | G10: Intermediate
A11: TC-39 | B11: Calculation | C11: Total = Item Total + Tax | D11: ตรวจ Total ในหน้า Step 2 | E11: Total = Item Total + Tax | F11: Not Test | G11: Intermediate
A12: TC-40 | B12: Flow | C12: กด Finish → ไปหน้า Confirmation | D12: กดปุ่ม Finish | E12: ไปหน้า Order Confirmation | F12: Not Test | G12: Basic
A13: TC-41 | B13: Confirmation | C13: หน้า Confirmation มีข้อความขอบคุณ | D13: ดูหน้าหลัง Finish | E13: เห็น 'Thank you for your order!' | F13: Not Test | G13: Basic
A14: TC-42 | B14: Post-order | C14: กด Back Home → กลับหน้า Inventory และ cart ว่าง | D14: กดปุ่ม Back Home | E14: กลับหน้า Inventory และ badge หายไป | F14: Not Test | G14: Intermediate

Sheet Navigation
A1: Module 6 — Navigation & Header
A2: 📋 Total Test Cases: 5 | Website: https://www.saucedemo.com
A3: TC ID | B3: Category | C3: Test Case Description | D3: Test Steps | E3: Expected Result | F3: Status | G3: Level | H3: Notes
A4: TC-43 | B4: Badge | C4: Cart badge แสดงถูกต้องตลอดทุกหน้า | D4: Add สินค้าแล้วเปลี่ยนหน้าต่างๆ | E4: Badge คงค่าเดิมทุกหน้า | F4: Not Test | G4: Intermediate
A5: TC-44 | B5: Menu | C5: เปิด Burger menu → เห็นเมนูครบ 4 รายการ | D5: คลิก hamburger icon | E5: เห็น All Items / About / Logout / Reset App State | F5: Not Test | G5: Basic
A6: TC-45 | B6: Menu | C6: All Items → ไปหน้า Inventory | D6: คลิก All Items | E6: ไปหน้า /inventory.html | F6: Not Test | G6: Basic
A7: TC-46 | B7: Menu | C7: About → ไปเว็บ Sauce Labs | D7: คลิก About | E7: เปิดเว็บ saucelabs.com | F7: Not Test | G7: Basic
A8: TC-47 | B8: Reset | C8: Reset App State → cart ล้างและปุ่มกลับเป็น Add to Cart | D8: Add สินค้า แล้ว Reset | E8: badge หาย และปุ่มทุกอันกลับ Add to Cart | F8: Not Test | G8: Intermediate

Sheet E2E Scenarios
A1: Module 7 — End-to-End Scenarios
A2: 📋 Total Test Cases: 3 | Website: https://www.saucedemo.com
A3: TC ID | B3: Category | C3: Test Case Description | D3: Test Steps | E3: Expected Result | F3: Status | G3: Level | H3: Notes
A4: TC-48 | B4: E2E | C4: Full E2E: Login → Browse → Add 2 สินค้า → Checkout → Confirm → Logout | D4: ทำตาม flow ทั้งหมด | E4: แต่ละขั้นตอนผ่าน และ Logout สำเร็จ | F4: Not Test | G4: Intermediate
A5: TC-49 | B5: E2E | C5: Multi-item checkout: Add 3 ชิ้น → Checkout → ตรวจยอดรวม | D5: Add 3 สินค้าต่างกัน แล้ว Checkout | E5: ยอดรวมถูกต้อง | F5: Not Test | G5: Intermediate
A6: TC-50 | B6: E2E | C6: Remove mid-flow: Add 3 ชิ้น → ลบ 1 ในหน้า Cart → Checkout → ตรวจยอด | D6: Add 3 ลบ 1 แล้ว Checkout | E6: ยอดรวม = สินค้า 2 ชิ้น | F6: Not Test | G6: Intermediate

Sheet Advanced
A1: Module 8 — Visual & Performance (Advanced)
A2: 📋 Total Test Cases: 4 | Website: https://www.saucedemo.com
A3: TC ID | B3: Category | C3: Test Case Description | D3: Test Steps | E3: Expected Result | F3: Status | G3: Level | H3: Notes
A4: TC-51 | B4: Performance | C4: performance_glitch_user: login ช้ากว่า standard แต่สำเร็จ | D4: Login ด้วย performance_glitch_user | วัด load time | E4: Login สำเร็จ (อาจช้า 3-5 วิ) | F4: Not Test | G4: Advanced
A5: TC-52 | B5: Bug | C5: problem_user: รูปสินค้าผิด (intentional bug) | D5: Login ด้วย problem_user | ตรวจรูปสินค้า | E5: รูปผิด (assert พฤติกรรมจริง ไม่ใช่ expected) | F5: Fail | G5: Advanced
A6: TC-53 | B6: Visual | C6: Screenshot visual regression หน้า Inventory | D6: ถ่าย screenshot แล้วเปรียบ baseline | E6: ภาพตรงกับ baseline (pixel diff < threshold) | F6: Not Test | G6: Advanced
A7: TC-54 | B7: Responsive | C7: Test บน viewport mobile 375px → layout ไม่แตก | D7: ตั้ง viewport 375×812 แล้วตรวจ layout | E7: สินค้าและปุ่มยังแสดงถูกต้อง ไม่ overflow | F7: Not Test | G7: Advanced
